math support,PhraseMatch,http://hcpssfamilymath.weebly.com/,HCPSS Math Support Center
academic support,PhraseMatch,http://hcpssfamilymath.weebly.com/,HCPSS Math Support Center
math help,PhraseMatch,http://hcpssfamilymath.weebly.com/,HCPSS Math Support Center
math support center,PhraseMatch,http://hcpssfamilymath.weebly.com/,HCPSS Math Support Center
math tutoring,PhraseMatch,http://hcpssfamilymath.weebly.com/,HCPSS Math Support Center
fiscal budget,PhraseMatch,http://www.hcpss.org/about-us/budgets/,Operating Budget
building budget,PhraseMatch,http://www.hcpss.org/about-us/budgets/capital-budget/,Capital Budget
volunteer opportunities,PhraseMatch,http://www.hcpss.org/about-us/handbook/involvement/,Volunteer Opportunities
volunteering,PhraseMatch,http://www.hcpss.org/about-us/handbook/involvement/,Volunteer Opportunities
parent involvement,PhraseMatch,http://www.hcpss.org/about-us/handbook/involvement/,Volunteer Opportunities
getting involved,PhraseMatch,http://www.hcpss.org/about-us/handbook/involvement/,Volunteer Opportunities
involvement,KeywordMatch,http://www.hcpss.org/about-us/handbook/involvement/,Volunteer Opportunities
parent volunteers,PhraseMatch,http://www.hcpss.org/about-us/handbook/involvement/,Volunteer Opportunities
community,PhraseMatch,http://www.hcpss.org/about-us/handbook/involvement/,Volunteer Opportunities
black saga competition,PhraseMatch,http://www.hcpss.org/about-us/handbook/involvement/,Volunteer Opportunities
judges,KeywordMatch,http://www.hcpss.org/about-us/handbook/involvement/,Volunteer Opportunities
MESA,KeywordMatch,http://www.hcpss.org/about-us/handbook/involvement/,Volunteer Opportunities
MESA Day,PhraseMatch,http://www.hcpss.org/about-us/handbook/involvement/,Volunteer Opportunities
countywide history day,PhraseMatch,http://www.hcpss.org/about-us/handbook/involvement/,Volunteer Opportunities
bridges over howard county,PhraseMatch,http://www.hcpss.org/about-us/handbook/involvement/,Volunteer Opportunities
student parking,PhraseMatch,http://www.hcpss.org/about-us/handbook/school-information/#student-parking,Student Parking and Driving
student driving,PhraseMatch,http://www.hcpss.org/about-us/handbook/school-information/#student-parking,Student Parking and Driving
high school parking,PhraseMatch,http://www.hcpss.org/about-us/handbook/school-information/#student-parking,Student Parking and Driving
elementary school model,PhraseMatch,http://www.hcpss.org/academics/elementary-school-model/,Elementary School Model
new curriculum,PhraseMatch,http://www.hcpss.org/academics/elementary-school-model/,Elementary School Model
elementary spanish,PhraseMatch,http://www.hcpss.org/academics/elementary-school-model/,Elementary School Model
spanish classes,PhraseMatch,http://www.hcpss.org/academics/elementary-school-model/,Elementary School Model
elementary foreign language,PhraseMatch,http://www.hcpss.org/academics/elementary-school-model/,Elementary School Model
gifted and talented program options,PhraseMatch,http://www.hcpss.org/academics/gifted-and-talented/,Gifted and Talented Program
gifted and talented education,PhraseMatch,http://www.hcpss.org/academics/gifted-and-talented/,Gifted and Talented Program
gifted education,PhraseMatch,http://www.hcpss.org/academics/gifted-and-talented/,Gifted and Talented Program
GT,PhraseMatch,http://www.hcpss.org/academics/gifted-and-talented/,Gifted and Talented Program
G/T,PhraseMatch,http://www.hcpss.org/academics/gifted-and-talented/,Gifted and Talented Program
advanced curriculum,PhraseMatch,http://www.hcpss.org/academics/gifted-and-talented/,Gifted and Talented Program
extra-curricular,PhraseMatch,http://www.hcpss.org/academics/gifted-and-talented/middle-school-programs/curriculum-extensions/,Academic Curriculum Extensions
extended education,PhraseMatch,http://www.hcpss.org/academics/gifted-and-talented/middle-school-programs/curriculum-extensions/,Academic Curriculum Extensions
parcc,KeywordMatch,http://www.hcpss.org/academics/testing/parcc/,Maryland PARCC Assessment
map,KeywordMatch,http://www.hcpss.org/academics/testing/map-information/,Measures of Academic Progress (MAP) Assessment
sat,KeywordMatch,http://www.hcpss.org/academics/testing/,SAT Exam
psat,KeywordMatch,http://www.hcpss.org/academics/testing/,PSAT Exam
cogat,KeywordMatch,http://www.hcpss.org/academics/testing/,CoGAT Assessment
ap test,PhraseMatch,http://www.hcpss.org/academics/testing/,Advanced Placement (AP) Tests
advanced placement,PhraseMatch,http://www.hcpss.org/academics/testing/,Advanced Placement (AP) Tests
ap exam,PhraseMatch,http://www.hcpss.org/academics/testing/,Advanced Placement (AP) Tests
msa,KeywordMatch,http://www.hcpss.org/academics/testing/,Maryland State Assessment Information
semester tests,PhraseMatch,http://www.hcpss.org/academics/testing/,Test Information
contact,KeywordMatch,http://www.hcpss.org/contact-us/,Contact Us
contact us,PhraseMatch,http://www.hcpss.org/contact-us/,Contact Us
contact hcpss,PhraseMatch,http://www.hcpss.org/contact-us/,Contact Us
public information,PhraseMatch,http://www.hcpss.org/contact-us/,Contact Public Information
phone number,PhraseMatch,http://www.hcpss.org/contact-us/,Contact Us
email address,PhraseMatch,http://www.hcpss.org/contact-us/,Contact Us
mailing address,PhraseMatch,http://www.hcpss.org/contact-us/,Contact Us
salary scales,PhraseMatch,http://www.hcpss.org/employment/agreements-and-salaries/,Negotiated Agreements and Salary Tables
upcoming salaries,PhraseMatch,http://www.hcpss.org/employment/agreements-and-salaries/,Negotiated Agreements and Salary Tables
union negotiations,PhraseMatch,http://www.hcpss.org/employment/agreements-and-salaries/,Negotiated Agreements and Salary Tables
union information,PhraseMatch,http://www.hcpss.org/employment/agreements-and-salaries/,Negotiated Agreements and Salary Tables
union agreements,PhraseMatch,http://www.hcpss.org/employment/agreements-and-salaries/,Negotiated Agreements and Salary Tables
agreements,KeywordMatch,http://www.hcpss.org/employment/agreements-and-salaries/,Negotiated Agreements and Salary Tables
howard county educators association,PhraseMatch,http://www.hcpss.org/employment/agreements-and-salaries/,Negotiated Agreements and Salary Tables
HCEA,KeywordMatch,http://www.hcpss.org/employment/agreements-and-salaries/,Negotiated Agreements and Salary Tables
HCAA,KeywordMatch,http://www.hcpss.org/employment/agreements-and-salaries/,Negotiated Agreements and Salary Tables
ESP,KeywordMatch,http://www.hcpss.org/employment/agreements-and-salaries/,Negotiated Agreements and Salary Tables
howard county administrators association,PhraseMatch,http://www.hcpss.org/employment/agreements-and-salaries/,Negotiated Agreements and Salary Tables
education support professionals,PhraseMatch,http://www.hcpss.org/employment/agreements-and-salaries/,Negotiated Agreements and Salary Tables
open coaching positions,PhraseMatch,http://www.hcpss.org/employment/other-vacancies/coaching/,Coaching Vacancies
coaching jobs,PhraseMatch,http://www.hcpss.org/employment/other-vacancies/coaching/,Coaching Vacancies
home care jobs,PhraseMatch,http://www.hcpss.org/employment/other-vacancies/home-and-hospital/,Home and Hospital Teaching Jobs
summer school openings,PhraseMatch,http://www.hcpss.org/employment/other-vacancies/summer/,Summer School Jobs
summer school jobs,PhraseMatch,http://www.hcpss.org/employment/other-vacancies/summer/,Summer School Jobs
teacher jobs,PhraseMatch,http://www.hcpss.org/employment/teacher-recruitment/,Teacher Recruitment
teaching jobs,PhraseMatch,http://www.hcpss.org/employment/teacher-recruitment/,Teacher Recruitment
vacancies,PhraseMatch,http://www.hcpss.org/employment/teacher-recruitment/,Teacher Recruitment
teacher positions,PhraseMatch,http://www.hcpss.org/employment/teacher-recruitment/,Teacher Recruitment
jobs,KeywordMatch,http://www.hcpss.org/employment/teacher-recruitment/,Teacher Recruitment
part-time teaching,PhraseMatch,http://www.hcpss.org/employment/teacher-recruitment/,Teacher Recruitment
teacher jobs,PhraseMatch,http://www.hcpss.org/employment/teacher-recruitment/,Teacher Recruitment
teaching jobs,PhraseMatch,http://www.hcpss.org/employment/teacher-recruitment/,Teacher Recruitment
jobs,KeywordMatch,http://www.hcpss.org/employment/teacher-recruitment/,Teacher Recruitment
staff contacts,PhraseMatch,http://www.hcpss.org/f/employees/staffdirectory.pdf,Staff Directory
telephone directory,PhraseMatch,http://www.hcpss.org/f/employees/staffdirectory.pdf,Staff Directory
school administrators,PhraseMatch,http://www.hcpss.org/f/employees/staffdirectory.pdf,Staff Directory
elementary school administrators,PhraseMatch,http://www.hcpss.org/f/employees/staffdirectory.pdf,Staff Directory
middle school administrators,PhraseMatch,http://www.hcpss.org/f/employees/staffdirectory.pdf, Staff Directory
program directors,PhraseMatch,http://www.hcpss.org/f/employees/staffdirectory.pdf,Staff Directory
principal contact information,PhraseMatch,http://www.hcpss.org/f/employees/staffdirectory.pdf,Staff Directory
school administration,PhraseMatch,http://www.hcpss.org/f/employees/staffdirectory.pdf,Staff Directory
upcoming events,PhraseMatch,http://www.hcpss.org/news/community-event/,Community Events
community programs,PhraseMatch,http://www.hcpss.org/news/community-event/,Community Events
upcoming community events,PhraseMatch,http://www.hcpss.org/news/community-event/,Community Events
local events,PhraseMatch,http://www.hcpss.org/news/community-event/,Community Events
upcoming activities,PhraseMatch,http://www.hcpss.org/news/community-event/,Community Events
school events,PhraseMatch,http://www.hcpss.org/news/community-event/,Community Events
construction project,PhraseMatch,http://www.hcpss.org/school-planning/construction/,School Construction Projects
construction projects,PhraseMatch,http://www.hcpss.org/school-planning/construction/,School Construction Projects
capital budget,PhraseMatch,http://www.hcpss.org/school-planning/construction/,School Construction Projects
additions,KeywordMatch,http://www.hcpss.org/school-planning/construction/,School Construction Projects
renovation,KeywordMatch,http://www.hcpss.org/school-planning/construction/,School Construction Projects
new schools,PhraseMatch,http://www.hcpss.org/school-planning/construction/,School Construction Projects
school construction projects,PhraseMatch,http://www.hcpss.org/school-planning/construction/,School Construction Projects
school construction,PhraseMatch,http://www.hcpss.org/school-planning/construction/,School Construction Projects
volunteering,KeywordMatch,http://www.hcpss.org/schools/bsap/initiatives-and-volunteering/,Black Student Achievement Program - Volunteer Opportunities
BSAP,KeywordMatch,http://www.hcpss.org/schools/bsap/initiatives-and-volunteering/,Black Student Achievement Program - Volunteer Opportunities
parent involvement,PhraseMatch,http://www.hcpss.org/schools/bsap/initiatives-and-volunteering/,Black Student Achievement Program - Volunteer Opportunities
parent volunteering,PhraseMatch,http://www.hcpss.org/schools/bsap/initiatives-and-volunteering/,Black Student Achievement Program - Volunteer Opportunities
community involvement,PhraseMatch,http://www.hcpss.org/schools/bsap/initiatives-and-volunteering/,Black Student Achievement Program - Volunteer Opportunities
get involved,PhraseMatch,http://www.hcpss.org/schools/bsap/initiatives-and-volunteering/,Black Student Achievement Program - Volunteer Opportunities
kindergarten registration,PhraseMatch,http://www.hcpss.org/schools/kindergarten-registration/,Registering for Kindergarten
early admission to pre-k,PhraseMatch,http://www.hcpss.org/schools/kindergarten-registration/early-admission/,Early Admission
early admission to pre-kindergarten,PhraseMatch,http://www.hcpss.org/schools/kindergarten-registration/early-admission/,Early Admission
pre-kindergarten early admission,PhraseMatch,http://www.hcpss.org/schools/kindergarten-registration/early-admission/,Early Admission
early school start,PhraseMatch,http://www.hcpss.org/schools/kindergarten-registration/early-admission/,Early Admission
head start,PhraseMatch,http://www.hcpss.org/schools/kindergarten-registration/early-admission/,Early Admission
early admission to first grade,PhraseMatch,http://www.hcpss.org/schools/kindergarten-registration/early-admission/,Early Admission
first grade early admission,PhraseMatch,http://www.hcpss.org/schools/kindergarten-registration/early-admission/,Early Admission
early start,PhraseMatch,http://www.hcpss.org/schools/kindergarten-registration/early-admission/,Early Admission
new parents,PhraseMatch,http://www.hcpss.org/schools/kindergarten-registration/school-readiness/,School Readiness
transportation,KeywordMatch,http://www.hcpss.org/schools/transportation/,Transportation
mission,KeywordMatch,http://www.hcpss.org/vision/,Vision 2018 Strategic Plan
mission statement,PhraseMatch,http://www.hcpss.org/vision/,Vision 2018 Strategic Plan
district mission,PhraseMatch,http://www.hcpss.org/vision/,Vision 2018 Strategic Plan
strategy,PhraseMatch,http://www.hcpss.org/vision/,Vision 2018 Strategic Plan
district strategy,PhraseMatch,http://www.hcpss.org/vision/,Vision 2018 Strategic Plan
strategic plan,PhraseMatch,http://www.hcpss.org/vision/,Vision 2018 Strategic Plan
emergency card,PhraseMatch,https://epstudentinfo.hcpss.org/UserLogin.aspx?ReturnUrl=%2f,Emergency Procedure Card
contact,KeywordMatch,http://www.hcpss.org/schools/elementary-schools/,Elementary Schools
contact,KeywordMatch,http://www.hcpss.org/schools/middle-schools/,Middle Schools
contact,KeywordMatch,http://www.hcpss.org/schools/high-schools/,High Schools
school administrators,PhraseMatch,http://www.hcpss.org/schools/elementary-schools/,Elementary Schools
school administrators,PhraseMatch,http://www.hcpss.org/schools/middle-schools/,Middle Schools
school administrators,PhraseMatch,http://www.hcpss.org/schools/high-schools/,High Schools
principals,KeywordMatch,http://www.hcpss.org/schools/elementary-schools/,Elementary Schools
principals,KeywordMatch,http://www.hcpss.org/schools/middle-schools/,Middle Schools
principals,KeywordMatch,http://www.hcpss.org/schools/high-schools/,High Schools
jobs,KeywordMatch,http://www.hcpss.org/employment/other-vacancies/substitutes/,Substitute Vacancies
immunization,KeywordMatch,http://www.hcpss.org/schools/enrollment-and-registration/#immunization,Immunization Requirements
shot,KeywordMatch,http://www.hcpss.org/schools/enrollment-and-registration/#immunization,Immunization Requirements
shots,KeywordMatch,http://www.hcpss.org/schools/enrollment-and-registration/#immunization,Immunization Requirements
vaccines,KeywordMatch,http://www.hcpss.org/schools/enrollment-and-registration/#immunization,Immunization Requirements
vaccinations,KeywordMatch,http://www.hcpss.org/schools/enrollment-and-registration/#immunization,Immunization Requirements
vaccination,KeywordMatch,http://www.hcpss.org/schools/enrollment-and-registration/#immunization,Immunization Requirements
starting school,PhraseMatch,http://www.hcpss.org/schools/enrollment-and-registration/,Enrollment and Registration
required documents,KeywordMatch,http://www.hcpss.org/schools/enrollment-and-registration/,Enrollment and Registration
resolution,KeywordMatch,http://www.hcpss.org/board/ombudsman/,Office of the Ombudsman
resolving,KeywordMatch,http://www.hcpss.org/board/ombudsman/,Office of the Ombudsman
procurement,KeywordMatch,http://www.hcpss.org/about-us/purchasing/,Purchasing Office
buying,KeywordMatch,http://www.hcpss.org/about-us/purchasing/,Purchasing Office
construction projects,PhraseMatch,http://www.hcpss.org/about-us/purchasing/,Purchasing Office
new school,PhraseMatch,http://www.hcpss.org/school-planning/,Office of School Planning
attendance areas,PhraseMatch,http://www.hcpss.org/school-planning/,Office of School Planning
school directors,PhraseMatch,http://www.hcpss.org/contact-us/administrative-directors/,School Administrative Directors
school administrative directors,PhraseMatch,http://www.hcpss.org/contact-us/administrative-directors/,School Administrative Directors
lunch,KeywordMatch,http://www.hcpss.org/food-services/,Food Services
breakfast,KeywordMatch,http://www.hcpss.org/food-services/,Food Services
allergens,KeywordMatch,http://www.hcpss.org/food-services/,Food Services
food,KeywordMatch,http://www.hcpss.org/food-services/,Food Services
meal,KeywordMatch,http://www.hcpss.org/food-services/,Food Services
bus,KeywordMatch,http://www.hcpss.org/schools/transportation/,Transportation Services
tutoring,KeywordMatch,http://www.hcpss.org/schools/bsap/learning-centers/,BSAP Learning Centers
tutoring,KeywordMatch,http://www.hcpss.org/schools/bsap/saturday-math-academy/,BSAP Saturday Math Academy
tutoring,KeywordMatch,http://www.hcpss.org/schools/academic-intervention/,Academic Intervention
academic help,PhraseMatch,http://www.hcpss.org/schools/bsap/learning-centers/,BSAP Learning Centers
academic help,PhraseMatch,http://www.hcpss.org/schools/bsap/saturday-math-academy/,BSAP Saturday Math Academy
academic help,PhraseMatch,http://www.hcpss.org/schools/academic-intervention/,Academic Intervention
board meetings,PhraseMatch,http://www.boarddocs.com/mabe/hcpssmd/Board.nsf/goto?open&id=84JU3E7A1442,Board Meeting Participation
forum,KeywordMatch,http://www.boarddocs.com/mabe/hcpssmd/Board.nsf/goto?open&id=84JU3E7A1442,Board Meeting Participation
meeting participation,KeywordMatch,http://www.boarddocs.com/mabe/hcpssmd/Board.nsf/goto?open&id=84JU3E7A1442,Board Meeting Participation
meeting participation,KeywordMatch,http://www.boarddocs.com/mabe/hcpssmd/Board.nsf/goto?open&id=9HQTDX6B3542,Board of Education Meeting Schedule
board meetings,PhraseMatch,http://www.boarddocs.com/mabe/hcpssmd/Board.nsf/goto?open&id=9HQTDX6B3542,Board of Education Meeting Schedule
staff,KeywordMatch,https://mail.hcpss.org/owa/auth/logon.aspx?replaceCurrent=1&url=https%3a%2f%2fmail.hcpss.org%2fowa%2f,Staff Email Login
email,KeywordMatch,https://mail.hcpss.org/owa/auth/logon.aspx?replaceCurrent=1&url=https%3a%2f%2fmail.hcpss.org%2fowa%2f,Staff Email Login
outlook,KeywordMatch,https://mail.hcpss.org/owa/auth/logon.aspx?replaceCurrent=1&url=https%3a%2f%2fmail.hcpss.org%2fowa%2f,Staff Email Login
email login,KeywordMatch,https://mail.hcpss.org/owa/auth/logon.aspx?replaceCurrent=1&url=https%3a%2f%2fmail.hcpss.org%2fowa%2f,Staff Email Login
ERO,KeywordMatch,http://www.hcpss.org/employees/professional-development/,Professional Development
student council,PhraseMatch,https://sites.google.com/a/inst.hcpss.me/hcasc/,HCASC - Howard County Association of Student Councils
student involvement,PhraseMatch,https://sites.google.com/a/inst.hcpss.me/hcasc/,HCASC - Howard County Association of Student Councils
athletic exams,PhraseMatch,http://www.hcpss.org/athletics/forms-and-guidelines/,Athletic Forms and Guidelines
athletic tests,PhraseMatch,http://www.hcpss.org/athletics/forms-and-guidelines/,Athletic Forms and Guidelines
athletic broadcasting,PhraseMatch,http://www.hcpss.org/athletics/forms-and-guidelines/,Athletic Forms and Guidelines
summer school,PhraseMatch,http://www.hcpss.org/summer-programs/,Summer School and Programs
how to help your child at home,PhraseMatch,http://www.hcpss.org/grade/,How to Help your Child at Home Guides
homework help,PhraseMatch,http://www.hcpss.org/grade/,How to Help your Child at Home Guides
homework,KeywordMatch,http://www.hcpss.org/grade/,How to Help your Child at Home Guides
gallup,KeywordMatch,http://www.hcpss.org/about-us/engagement/,Engagement
home school,PhraseMatch,http://www.hcpss.org/parents/home-school/,Home Schooling
home schooling,PhraseMatch,http://www.hcpss.org/parents/home-school/,Home Schooling
third party,PhraseMatch,http://www.hcpss.org/third-party/,Third-Party Educational Tools
third-party,PhraseMatch,http://www.hcpss.org/third-party/,Third-Party Educational Tools
educational tools,PhraseMatch,http://www.hcpss.org/third-party/,Third-Party Educational Tools
